INSERT INTO product_category(id, [name]) VALUES
(4,'Accessories'),
(1,'Bikes'),
(3,'Clothing'),
(2,'Components');

INSERT INTO product_subcategory(id, category_id, [name]) VALUES
(1,1,'Mountain Bikes'),
(2,1,'Road Bikes'),
(3,1,'Touring Bikes'),
(4,2,'Handlebars'),
(5,2,'Bottom Brackets'),
(6,2,'Brakes'),
(7,2,'Chains'),
(8,2,'Cranksets'),
(9,2,'Derailleurs'),
(10,2,'Forks'),
(11,2,'Headsets'),
(12,2,'Mountain Frames'),
(13,2,'Pedals'),
(14,2,'Road Frames'),
(15,2,'Saddles'),
(16,2,'Touring Frames'),
(17,2,'Wheels'),
(18,3,'Bib-Shorts'),
(19,3,'Caps'),
(20,3,'Gloves'),
(21,3,'Jerseys'),
(22,3,'Shorts'),
(23,3,'Socks'),
(24,3,'Tights'),
(25,3,'Vests'),
(26,4,'Bike Racks'),
(27,4,'Bike Stands'),
(28,4,'Bottles and Cages'),
(29,4,'Cleaners'),
(30,4,'Fenders'),
(31,4,'Helmets'),
(32,4,'Hydration Packs'),
(33,4,'Lights'),
(34,4,'Locks'),
(35,4,'Panniers'),
(36,4,'Pumps'),
(37,4,'Tires and Tubes');

INSERT INTO product_model(id, [name], [description]) VALUES
(1,'Classic Vest','Light-weight, wind-resistant, packs to fit into a pocket.'), 
(2,'Cycling Cap','Traditional style with a flip-up brim; one-size fits all.'), 
(3,'Full-Finger Gloves','Synthetic palm, flexible knuckles, breathable mesh upper. Worn by the AWC team riders.'), 
(4,'Half-Finger Gloves','Full padding, improved finger flex, durable palm, adjustable closure.'), 
(5,'HL Mountain Frame','Each frame is hand-crafted in our Bothell facility to the optimum diameter and wall-thickness required of a premium mountain frame. The heat-treated welded aluminum frame has a larger diameter tube that absorbs the bumps.'), 
(6,'HL Road Frame','Our lightest and best quality aluminum frame made from the newest alloy; it is welded and heat-treated for strength. Our innovative design results in maximum comfort and performance.'), 
(7,'HL Touring Frame','The HL aluminum frame is custom-shaped for both good looks and strength; it will withstand the most rigorous challenges of daily riding. Men''s version.'), 
(8,'LL Mountain Frame','Our best value utilizing the same, ground-breaking frame technology as the ML aluminum frame.'), 
(9,'LL Road Frame','The LL Frame provides a safe comfortable ride, while offering superior bump absorption in a value-priced aluminum frame.'), 
(10,'LL Touring Frame','Lightweight butted aluminum frame provides a more upright riding position for a trip around town.  Our ground-breaking design provides optimum comfort.'), 
(11,'Long-Sleeve Logo Jersey','Unisex long-sleeve AWC logo microfiber cycling jersey'), 
(12,'Men''s Bib-Shorts','Designed for the AWC team with stay-put straps, moisture-control, chamois padding, and leg grippers.'), 
(13,'Men''s Sports Shorts','Men''s 8-panel racing shorts - lycra with an elastic waistband and leg grippers.'), 
(14,'ML Mountain Frame','The ML frame is a heat-treated aluminum frame made with the same detail and quality as our HL frame. It offers superior performance. Women''s version.'), 
(15,'ML Mountain Frame-W','The ML frame is a heat-treated aluminum frame made with the same detail and quality as our HL frame. It offers superior performance. Men''s version.'), 
(16,'ML Road Frame','Made from the same aluminum alloy as our top-of-the line HL frame, the ML features a lightweight down-tube milled to the perfect diameter for optimal strength. Men''s version.'), 
(17,'ML Road Frame-W','Made from the same aluminum alloy as our top-of-the line HL frame, the ML features a lightweight down-tube milled to the perfect diameter for optimal strength. Women''s version.'), 
(18,'Mountain Bike Socks','Combination of natural and synthetic fibers stays dry and provides just the right cushioning.'), 
(19,'Mountain-100','Top-of-the-line competition mountain bike. Performance-enhancing options include the innovative HL Frame, super-smooth front suspension, and traction for all terrain.'), 
(20,'Mountain-200','Serious back-country riding. Perfect for all levels of competition. Uses the same HL Frame as the Mountain-100.'), 
(21,'Mountain-300','For true trail addicts.  An extremely durable bike that will go anywhere and keep you in control on challenging terrain - without breaking your budget.'), 
(22,'Mountain-400-W','This bike delivers a high-level of performance on a budget. It is responsive and maneuverable, and offers peace-of-mind when you decide to go off-road.'), 
(23,'Mountain-500','Suitable for any type of riding, on or off-road. Fits any budget. Smooth-shifting with a comfortable ride.'), 
(24,'Racing Socks','Thin, lightweight and durable with cuffs that stay up.'), 
(25,'Road-150','This bike is ridden by race winners. Developed with the Adventure Works Cycles professional race team, it has a extremely light heat-treated aluminum frame, and steering that allows precision control.'), 
(26,'Road-250','Alluminum-alloy frame provides a light, stiff ride, whether you are racing in the velodrome or on a demanding club ride on country roads.'), 
(27,'Road-350-W','Cross-train, race, or just socialize on a sleek, aerodynamic bike designed for a woman.  Advanced seat technology provides comfort all day.'), 
(28,'Road-450','A true multi-sport bike that offers streamlined riding and a revolutionary design. Aerodynamic design lets you ride with the pros, and the gearing will conquer hilly roads.'), 
(29,'Road-550-W','Same technology as all of our Road series bikes, but the frame is sized for a woman.  Perfect all-around bike for road or racing.'), 
(30,'Road-650','Value-priced bike with many features of our top-of-the-line models. Has the same light, stiff frame, and the quick acceleration we''re famous for.'), 
(31,'Road-750','Entry level adult bike; offers a comfortable ride cross-country or down the block. Quick-release hubs and rims.'), 
(32,'Short-Sleeve Classic Jersey','Short sleeve classic breathable jersey with superior moisture control, front zipper, and 3 back pockets.'), 
(33,'Sport-100','Universal fit, well-vented, lightweight , snap-on visor.'), 
(34,'Touring-1000','Travel in style and comfort. Designed for maximum comfort and safety. Wide gear range takes on all hills. High-tech aluminum alloy construction provides durability without added weight.'), 
(35,'Touring-2000','The plush custom saddle keeps you riding all day,  and there''s plenty of space to add panniers and bike bags to the newly-redesigned carrier.  This bike has stability when fully-loaded.'), 
(36,'Touring-3000','All-occasion value bike with our basic comfort and safety features. Offers wider, more stable tires for a ride around town or weekend trip.'), 
(37,'Women''s Mountain Shorts','Heavy duty, abrasion-resistant shorts feature seamless, lycra inner shorts with anti-bacterial chamois for comfort.'), 
(38,'Women''s Tights','Warm spandex tights for winter riding; seamless chamois construction eliminates pressure points.'), 
(39,'Mountain-400','Suitable for any type of off-road trip. Fits any budget.'), 
(40,'Road-550','Same technology as all of our Road series bikes.  Perfect all-around bike for road or racing.'), 
(41,'Road-350','Cross-train, race, or just socialize on a sleek, aerodynamic bike.  Advanced seat technology provides comfort all day.'), 
(42,'LL Mountain Front Wheel','Replacement mountain wheel for entry-level rider.'), 
(43,'Touring Rear Wheel','Excellent aerodynamic rims guarantee a smooth ride.'), 
(44,'Touring Front Wheel','Aerodynamic rims for smooth riding.'), 
(45,'ML Mountain Front Wheel','Replacement mountain wheel for the casual to serious rider.'), 
(46,'HL Mountain Front Wheel','High-performance mountain replacement wheel.'), 
(47,'LL Touring Handlebars','Unique shape reduces fatigue for entry level riders.'), 
(48,'HL Touring Handlebars','A light yet stiff aluminum bar for long distance riding.'), 
(49,'LL Road Front Wheel','Replacement road front wheel for entry-level cyclist.'), 
(50,'ML Road Front Wheel','Sturdy alloy features a quick-release hub.'), 
(51,'HL Road Front Wheel','Strong wheel with double-walled rim.'), 
(52,'LL Mountain Handlebars','All-purpose bar for on or off-road.'), 
(53,'Touring Pedal','A stable pedal for all-day riding.'), 
(54,'ML Mountain Handlebars','Tough aluminum alloy bars for downhill.'), 
(55,'HL Mountain Handlebars','Flat bar strong enough for the pro circuit.'), 
(56,'LL Road Handlebars','Unique shape provides easier reach to the levers.'), 
(57,'ML Road Handlebars','Anatomically shaped aluminum tube bar will suit all riders.'), 
(58,'HL Road Handlebars','Designed for racers; high-end anatomically shaped bar from aluminum alloy.'), 
(59,'LL Headset','Threadless headset provides quality at an economical price.'), 
(60,'ML Headset','Sealed cartridge keeps dirt out.'), 
(61,'HL Headset','High-quality 1" threadless headset with a grease port for quick lubrication.'), 
(62,'LL Mountain Pedal','Expanded platform so you can ride in any shoes; great for all-around riding.'), 
(63,'ML Mountain Pedal','Lightweight, durable, clipless pedal with adjustable tension.'), 
(64,'HL Mountain Pedal','Stainless steel; designed to shed mud easily.'), 
(65,'ML Touring Seat/Saddle','New design relieves pressure for long rides.'), 
(66,'LL Touring Seat/Saddle','Comfortable, ergonomically shaped gel saddle.'), 
(67,'HL Touring Seat/Saddle','Cut-out shell for a more comfortable ride.'), 
(68,'LL Road Pedal','Clipless pedals - aluminum.'), 
(69,'ML Road Pedal','Lightweight aluminum alloy construction.'), 
(70,'HL Road Pedal','Top-of-the-line clipless pedals with adjustable tension.'), 
(71,'LL Mountain Seat/Saddle 1','Refillable shoes; polished aluminum calipers.'), 
(72,'ML Mountain Seat/Saddle 1','10-speed aluminum derailleur with sealed pulley bearings.'), 
(73,'HL Mountain Seat/Saddle 1','Replacement rear mountain wheel for entry-level rider.'), 
(74,'LL Road Seat/Saddle 2','Replacement rear mountain wheel for the casual to serious rider.'), 
(75,'ML Road Seat/Saddle 1','Extra-strong rims guarantee durability.'), 
(76,'HL Road Seat/Saddle 1','Replacement rear wheel for entry-level cyclist.'), 
(77,'ML Road Rear Wheel','Aluminum alloy rim with stainless steel spokes; built for speed.'), 
(78,'HL Road Rear Wheel','Strong rear wheel with double-walled rim.'), 
(79,'LL Mountain Seat/Saddle 2','Synthetic leather. Features gel for increased comfort.'), 
(80,'ML Mountain Seat/Saddle 2','Designed to absorb shock.'), 
(81,'HL Mountain Seat/Saddle 2','Anatomic design for a full-day of riding in comfort. Durable leather.'), 
(82,'LL Road Seat/Saddle 1','Lightweight foam-padded saddle.'), 
(83,'ML Road Seat/Saddle 2','Rubber bumpers absorb bumps.'), 
(84,'HL Road Seat/Saddle 2','Lightweight kevlar racing saddle. Leather.'), 
(85,'LL Mountain Tire','Comparible traction, less expensive wire bead casing.'), 
(86,'ML Mountain Tire','Great traction, high-density rubber.'), 
(87,'HL Mountain Tire','Incredible traction, lightweight carbon reinforced.'), 
(88,'LL Road Tire','Same great treads as more expensive tire with a less expensive wire bead casing.'), 
(89,'ML Road Tire','Higher density rubber.'), 
(90,'HL Road Tire','Lightweight carbon reinforced  for an unrivaled ride at an un-compromised weight.'), 
(91,'Touring Tire','High-density rubber.'), 
(92,'Mountain Tire Tube','Self-sealing tube.'), 
(93,'Road Tire Tube','Conventional all-purpose tube.'), 
(94,'Touring Tire Tube','General purpose tube.'), 
(95,'LL Bottom Bracket','Chromoly steel.'), 
(96,'ML Bottom Bracket','Aluminum alloy cups; large diameter spindle.'), 
(97,'HL Bottom Bracket','Aluminum alloy cups and a hollow axle.'), 
(98,'Chain','Superior shifting performance.'), 
(99,'LL Crankset','Super rigid spindle.'), 
(100,'ML Crankset','High-strength crank arm.'), 
(101,'HL Crankset','Triple crankset; alumunim crank arm; flawless shifting.'), 
(102,'Front Brakes','All-weather brake pads; provides superior stopping by applying more surface to the rim.'), 
(103,'Front Derailleur','Wide-link design.'), 
(104,'LL Fork','Stout design absorbs shock and offers more precise steering.'), 
(105,'ML Fork','Composite road fork with an aluminum steerer tube.'), 
(106,'HL Fork','High-performance carbon road fork with curved legs.'), 
(107,'Hydration Pack','Versatile 70 oz hydration pack offers extra storage, easy-fill access, and a waist belt.'), 
(108,'Taillight','Affordable light for safe night riding - uses 3 AAA batteries'), 
(109,'Headlights - Dual-Beam','Rechargeable dual-beam headlight.'), 
(110,'Headlights - Weatherproof','Rugged weatherproof headlight.'), 
(111,'Water Bottle','AWC logo water bottle - holds 30 oz; leak-proof.'), 
(112,'Mountain Bottle Cage','Tough aluminum cage holds bottle securly on tough terrain.'), 
(113,'Road Bottle Cage','Aluminum cage is lighter than our mountain version; perfect for long distance trips.'), 
(114,'Patch kit','Includes 8 different size patches, glue and sandpaper.'), 
(115,'Cable Lock','Wraps to fit front and rear tires, carrier and 2 keys included.'), 
(116,'Minipump','Designed for convenience. Fits in your pocket. Aluminum barrel. 160psi rated.'), 
(117,'Mountain Pump','Simple and light-weight. Emergency patches stored in handle.'), 
(118,'Hitch Rack - 4-Bike','Carries 4 bikes securely; steel construction, fits 2" receiver hitch.'), 
(119,'Bike Wash','Washes off the toughest road grime; dissolves grease, environmentally safe. 1-liter bottle.'), 
(120,'Touring-Panniers','Durable, water-proof nylon construction with easy access. Large enough for weekend trips.'), 
(121,'Fender Set - Mountain','Clip-on fenders fit most mountain bikes.'), 
(122,'All-Purpose Bike Stand','Perfect all-purpose bike stand for working on your bike at home. Quick-adjusting clamps and steel construction.'), 
(123,'LL Mountain Rear Wheel','Replacement mountain wheel for entry-level rider.'), 
(124,'ML Mountain Rear Wheel','Replacement mountain wheel for the casual to serious rider.'), 
(125,'HL Mountain Rear Wheel','High-performance mountain replacement wheel.'), 
(126,'LL Road Rear Wheel','Replacement road rear wheel for entry-level cyclist.'), 
(127,'Rear Derailleur','Wide-link design.'),
(128,'Rear Brakes', '');
